id,ses_parent1_edu,ses_parent2_edu,ses_household_income,ses_school_type,ses_housing_type,ses_household_size,ses_home_area,ses_device_access,ses_internet_quality,ses_lang_cantonese,ses_lang_mandarin,ses_lang_english,ses_lang_other,ses_financial_constraint,ai_course_taken,ai_concept_data_bias_r,ai_ability_training_data,ai_concept_blackbox_r,ai_ability_explainability,ai_concept_input_variation_r,ai_ability_input_sensitivity,ai_concept_prompt_wording_r,ai_ability_prompting,ai_concept_social_ethics_r,ai_ability_social_ethics,med_conceptual_exposure_1,med_conceptual_exposure_2,med_practical_ai_use_1,med_practical_ai_use_2,med_learning_ecology_1,med_learning_ecology_2,med_language_load_1,med_language_load_2,med_epistemic_stance_1,med_epistemic_stance_2,course,ses_parent1_edu_num,ses_parent2_edu_num,ses_household_income_num,ses_school_type_num,ses_housing_type_num,ses_household_size_num,ses_home_area_num,ses_device_access_num,ses_internet_quality_num,ses_financial_constraint_num,ai_course_taken_num,ai_concept_data_bias_r_num,ai_ability_training_data_num,ai_concept_blackbox_r_num,ai_ability_explainability_num,ai_concept_input_variation_r_num,ai_ability_input_sensitivity_num,ai_concept_prompt_wording_r_num,ai_ability_prompting_num,ai_concept_social_ethics_r_num,ai_ability_social_ethics_num,med_conceptual_exposure_1_num,med_conceptual_exposure_2_num,med_practical_ai_use_1_num,med_practical_ai_use_2_num,med_learning_ecology_1_num,med_learning_ecology_2_num,med_language_load_1_num,med_language_load_2_num,med_epistemic_stance_1_num,med_epistemic_stance_2_num,ai_concept_data_bias_scored_num,ai_concept_blackbox_scored_num,ai_concept_input_variation_scored_num,ai_concept_prompt_wording_scored_num,ai_concept_social_ethics_scored_num,ai_ability_training_data_scored_num,ai_ability_explainability_scored_num,ai_ability_input_sensitivity_scored_num,ai_ability_prompting_scored_num,ai_ability_social_ethics_scored_num,ai_lit_score,ses_device_access_scored_num,ses_internet_quality_scored_num,ses_financial_constraint_scored_num,ses_index,conceptual_exposure_score,practical_ai_use_score,learning_ecology_score,language_load_score,epistemic_stance_score,ai_factor1_score,ai_factor2_score,ses_factor1_score,ses_factor2_score,post_Q01_AI Perception 1,post_Q02_AI Perception 2,post_Q03_AI Representation 1,post_Q04_AI Representation 2,post_Q05_AI Conceptual,post_Q06_AI Conceptual 2,post_Q07_AI Interaction 1,post_Q08_AI Interaction 2,post_Q09_AI Societal Impact 1,post_Q10_AI Societal Impact 2,ai_concept_input_variation_scored_num_post,ai_ability_input_sensitivity_scored_num_post,ai_concept_blackbox_scored_num_post,ai_ability_explainability_scored_num_post,ai_concept_data_bias_scored_num_post,ai_ability_training_data_scored_num_post,ai_concept_prompt_wording_scored_num_post,ai_ability_prompting_scored_num_post,ai_concept_social_ethics_scored_num_post,ai_ability_social_ethics_scored_num_post,ai_conceptual_score_pre,ai_confidence_score_pre,ai_lit_score_pre,ai_conceptual_score_post,ai_confidence_score_post,ai_lit_score_post,ai_factor1_score_post,ai_factor2_score_post
csrFeB07,3 : Secondary education,5 : Bachelor's degree,"4 : HKD 32,000–49,999",3 : International school,3 : Private Housing – Owned,4 : 4 people,5 : 800 square feet or above (74 m$^2$ or above),"1 : Yes, I had my own personal device.",1 : Stable and high-speed,1,1,0,0,2 : Rarely (around 1-33\%),1,2 : 2 = Disagree,4 : 4 = Agree,1 : 1 = Strongly disagree,4 : 4 = Agree,4 : 4 = Agree,4 : 4 = Agree,4 : 4 = Agree,4 : 4 = Agree,3 : 3 = Not sure,4 : 4 = Agree,5 : 5 = Very often,5 : 5 = Extremely familiar,4 : 4 = Often,3 : 3 = Sometimes,3 : 3 = Sometimes,4 : 4 = Very available,4 : 4 = Often,3 : 3 = Sometimes,4 : 4 = Very comfortable,4 : 4 = Often,1111,3,5,4,3,3,4,5,1,1,2,1,2,4,1,4,4,4,4,4,3,4,5,5,4,3,3,4,4,3,4,4,4,5,2,2,3,4,4,4,4,4,3.6,3,3,3,0.1811561778391921,5.0,3.5,3.5,3.5,4.0,-0.1406798137307602,0.1555305719215922,-0.0414766910468226,0.3863698110242981,4 : Agree,4 : Agree,1 : Strongly disagree,5 : Strongly agree,2 : Disagree,1 : Strongly disagree,1 : Strongly disagree,4 : Agree,2 : Disagree,4 : Agree,2,4,5,5,4,5,5,4,4,4,3.2,4.0,3.6,4.0,4.4,4.2,0.6556383815684621,0.5608725062357964
wieak22,6 : Postgraduate degree,5 : Bachelor's degree,"5 : HKD 50,000 or above",3 : International school,4 : Private Housing – Rented,4 : 4 people,5 : 800 square feet or above (74 m$^2$ or above),"1 : Yes, I had my own personal device.",1 : Stable and high-speed,0,0,1,1,1 : Never (0\%),1,1 : 1 = Strongly disagree,4 : 4 = Agree,4 : 4 = Agree,5 : 5 = Strongly agree,4 : 4 = Agree,4 : 4 = Agree,4 : 4 = Agree,5 : 5 = Strongly agree,2 : 2 = Disagree,4 : 4 = Agree,4 : 4 = Often,4 : 4 = Very familiar,5 : 5 = Very often,5 : 5 = Very often,4 : 4 = Often,2 : 2 = Slightly available,1 : 1 = Never,1 : 1 = Never,5 : 5 = Extremely comfortable,5 : 5 = Very often,1111,6,5,5,3,4,4,5,1,1,1,1,1,4,4,5,4,4,4,5,2,4,4,4,5,5,4,2,1,1,5,5,5,2,2,2,4,4,5,4,5,4,3.7,3,3,4,0.8203967372476108,4.0,5.0,3.0,1.0,5.0,-0.1269610524625153,1.0531123650125305,0.8604233101786541,0.8030900081780173,4 : Agree,4 : Agree,2 : Disagree,5 : Strongly agree,1 : Strongly disagree,2 : Disagree,2 : Disagree,4 : Agree,2 : Disagree,4 : Agree,2,4,4,5,5,4,4,4,4,4,3.0,4.4,3.7,3.8,4.2,4.0,0.5448857202950459,0.4029211649208986
ymjey03,5 : Bachelor's degree,5 : Bachelor's degree,"3 : HKD 14,800–31,999",3 : International school,4 : Private Housing – Rented,3 : 3 people,2 : 200–399 square feet (19–37 m$^2$),"1 : Yes, I had my own personal device.",1 : Stable and high-speed,0,0,0,1,2 : Rarely (around 1-33\%),1,4 : 4 = Agree,4 : 4 = Agree,3 : 3 = Not sure,2 : 2 = Disagree,2 : 2 = Disagree,4 : 4 = Agree,2 : 2 = Disagree,4 : 4 = Agree,2 : 2 = Disagree,3 : 3 = Not sure,2 : 2 = Rarely,2 : 2 = Slightly familiar,4 : 4 = Often,5 : 5 = Very often,4 : 4 = Often,2 : 2 = Slightly available,4 : 4 = Often,3 : 3 = Sometimes,4 : 4 = Very comfortable,3 : 3 = Sometimes,1111,5,5,3,3,4,3,2,1,1,2,1,4,4,3,2,2,4,2,4,2,3,2,2,4,5,4,2,4,3,4,3,2,3,4,4,4,4,2,4,4,3,3.4,3,3,3,-0.0581275742333037,2.0,4.5,3.0,3.5,3.5,-0.1507214549056616,-0.6822925358505981,0.4669405568368703,-0.4001495923165857,4 : Agree,4 : Agree,3 : Not sure,4 : Agree,3 : Not sure,2 : Disagree,2 : Disagree,3 : Not sure,3 : Not sure,4 : Agree,2,4,3,4,3,4,4,3,3,4,3.4,3.4,3.4,3.0,3.8,3.4,-0.4693016687461066,-0.40247482064483464
dihfr13,3 : Secondary education,3 : Secondary education,"3 : HKD 14,800–31,999",1 : Government or Aided school,4 : Private Housing – Rented,6 : 6 or more people,2 : 200–399 square feet (19–37 m$^2$),"1 : Yes, I had my own personal device.",1 : Stable and high-speed,0,0,0,1,1 : Never (0\%),1,3 : 3 = Not sure,3 : 3 = Not sure,3 : 3 = Not sure,3 : 3 = Not sure,2 : 2 = Disagree,2 : 2 = Disagree,4 : 4 = Agree,4 : 4 = Agree,3 : 3 = Not sure,3 : 3 = Not sure,3 : 3 = Sometimes,2 : 2 = Slightly familiar,2 : 2 = Rarely,2 : 2 = Rarely,2 : 2 = Rarely,2 : 2 = Slightly available,5 : 5 = Very often,5 : 5 = Very often,3 : 3 = Moderately comfortable,3 : 3 = Sometimes,1111,3,3,3,1,4,6,2,1,1,1,1,3,3,3,3,2,2,4,4,3,3,3,2,2,2,2,2,5,5,3,3,3,3,4,2,3,3,3,2,4,3,3.0,3,3,4,-0.3522913941729229,2.5,2.0,2.0,5.0,3.0,-0.3592901329055489,-0.9085714668233292,-1.2090593712562332,-0.7159125337140285,3 : Not sure,5 : Strongly agree,4 : Agree,4 : Agree,1 : Strongly disagree,3 : Not sure,1 : Strongly disagree,5 : Strongly agree,3 : Not sure,3 : Not sure,3,5,2,4,5,3,5,5,3,3,3.0,3.0,3.0,3.6,4.0,3.8,-0.2001525241334945,-0.02431140778478985
cmhgs15,3 : Secondary education,2 : Primary education,"2 : HKD 10,700–14,799",1 : Government or Aided school,1 : Public Rental Housing (PRH),5 : 5 people,2 : 200–399 square feet (19–37 m$^2$),"1 : Yes, I had my own personal device.",2 : Generally stable but occasionally unreliable,1,0,0,1,4 : Often (above 67\%),1,4 : 4 = Agree,2 : 2 = Disagree,2 : 2 = Disagree,4 : 4 = Agree,4 : 4 = Agree,2 : 2 = Disagree,1 : 1 = Strongly disagree,4 : 4 = Agree,1 : 1 = Strongly disagree,5 : 5 = Strongly agree,4 : 4 = Often,2 : 2 = Slightly familiar,4 : 4 = Often,4 : 4 = Often,4 : 4 = Often,3 : 3 = Moderately available,4 : 4 = Often,2 : 2 = Rarely,3 : 3 = Moderately comfortable,4 : 4 = Often,1111,3,2,2,1,1,5,2,1,2,4,1,4,2,2,4,4,2,1,4,1,5,4,2,4,4,4,3,4,2,3,4,2,4,2,5,5,2,4,2,4,5,3.5,3,2,1,-1.3490158026431924,3.0,4.0,3.5,3.0,3.5,0.6967532456786207,-0.0656721039996566,-1.6257640401788953,-2.148838218256273,3 : Not sure,4 : Agree,4 : Agree,3 : Not sure,3 : Not sure,4 : Agree,2 : Disagree,4 : Agree,1 : Strongly disagree,5 : Strongly agree,3,4,2,3,3,2,4,4,5,5,3.6,3.4,3.5,3.4,3.6,3.5,0.29353080934313514,-0.07062221702247501
cisoi27,3 : Secondary education,3 : Secondary education,"4 : HKD 32,000–49,999",1 : Government or Aided school,1 : Public Rental Housing (PRH),4 : 4 people,3 : 400–599 square feet (37–56 m$^2$),"1 : Yes, I had my own personal device.",2 : Generally stable but occasionally unreliable,1,1,0,0,1 : Never (0\%),1,3 : 3 = Not sure,4 : 4 = Agree,4 : 4 = Agree,4 : 4 = Agree,4 : 4 = Agree,3 : 3 = Not sure,4 : 4 = Agree,5 : 5 = Strongly agree,3 : 3 = Not sure,4 : 4 = Agree,5 : 5 = Very often,4 : 4 = Very familiar,4 : 4 = Often,3 : 3 = Sometimes,3 : 3 = Sometimes,3 : 3 = Moderately available,3 : 3 = Sometimes,3 : 3 = Sometimes,3 : 3 = Moderately comfortable,3 : 3 = Sometimes,1111,3,3,4,1,1,4,3,1,2,1,1,3,4,4,4,4,3,4,5,3,4,5,4,4,3,3,3,3,3,3,3,3,2,2,2,3,4,4,3,5,4,3.2,3,2,4,-0.3765693984202393,4.5,3.5,3.0,3.0,3.0,-0.853428655070467,0.6287512367332948,-1.1788206091748774,-0.4706692613337392,4 : Agree,4 : Agree,3 : Not sure,3 : Not sure,3 : Not sure,4 : Agree,3 : Not sure,4 : Agree,3 : Not sure,4 : Agree,2,4,3,3,3,2,3,4,3,4,2.4,4.0,3.2,2.8,3.4,3.1,-0.6353185893490648,-0.5471905224524838
Suprd11,6 : Postgraduate degree,5 : Bachelor's degree,"3 : HKD 14,800–31,999",3 : International school,3 : Private Housing – Owned,4 : 4 people,2 : 200–399 square feet (19–37 m$^2$),"1 : Yes, I had my own personal device.",2 : Generally stable but occasionally unreliable,0,0,1,1,3 : Sometimes (around 34-66\%),1,3 : 3 = Not sure,5 : 5 = Strongly agree,3 : 3 = Not sure,4 : 4 = Agree,3 : 3 = Not sure,3 : 3 = Not sure,2 : 2 = Disagree,4 : 4 = Agree,3 : 3 = Not sure,4 : 4 = Agree,3 : 3 = Sometimes,3 : 3 = Moderately familiar,2 : 2 = Rarely,3 : 3 = Sometimes,3 : 3 = Sometimes,3 : 3 = Moderately available,3 : 3 = Sometimes,2 : 2 = Rarely,2 : 2 = Slightly comfortable,4 : 4 = Often,1111,6,5,3,3,3,4,2,1,2,3,1,3,5,3,4,3,3,2,4,3,4,3,3,2,3,3,3,3,2,2,4,3,3,3,4,3,5,4,3,4,4,3.6,3,2,2,-0.3723696909691811,3.0,2.5,3.0,2.5,3.0,-0.2434566383435763,0.16401926970035,0.8259431330532315,-0.4495771753594392,4 : Agree,5 : Strongly agree,3 : Not sure,2 : Disagree,4 : Agree,2 : Disagree,3 : Not sure,4 : Agree,2 : Disagree,5 : Strongly agree,2,5,3,2,2,4,3,4,4,5,3.2,4.0,3.6,2.8,4.0,3.4,-0.4926452580881708,0.28595192771545397
sbhjh18,5 : Bachelor's degree,5 : Bachelor's degree,"3 : HKD 14,800–31,999",1 : Government or Aided school,3 : Private Housing – Owned,3 : 3 people,5 : 800 square feet or above (74 m$^2$ or above),"1 : Yes, I had my own personal device.",1 : Stable and high-speed,0,1,0,0,1 : Never (0\%),0,2 : 2 = Disagree,4 : 4 = Agree,3 : 3 = Not sure,4 : 4 = Agree,2 : 2 = Disagree,4 : 4 = Agree,2 : 2 = Disagree,2 : 2 = Disagree,2 : 2 = Disagree,5 : 5 = Strongly agree,5 : 5 = Very often,1 : 1 = Not at all familiar,5 : 5 = Very often,2 : 2 = Rarely,3 : 3 = Sometimes,3 : 3 = Moderately available,4 : 4 = Often,5 : 5 = Very often,4 : 4 = Very comfortable,2 : 2 = Rarely,1111,5,5,3,1,3,3,5,1,1,1,0,2,4,3,4,2,4,2,2,2,5,5,1,5,2,3,3,4,5,4,2,4,3,4,4,4,4,4,4,2,5,3.8,3,3,4,0.4450243952289606,3.0,3.5,3.0,4.5,3.0,0.4993599509768021,-0.5929170111816466,0.4050891402221354,0.3259932769469433,4 : Agree,4 : Agree,2 : Disagree,4 : Agree,1 : Strongly disagree,2 : Disagree,2 : Disagree,5 : Strongly agree,2 : Disagree,4 : Agree,2,4,4,4,5,4,4,5,4,4,3.8,3.8,3.8,3.8,4.2,4.0,0.51909789651647,0.6946341887455667
ghjlv09,6 : Postgraduate degree,4 : Post-secondary education (non-degree),"3 : HKD 14,800–31,999",3 : International school,3 : Private Housing – Owned,3 : 3 people,5 : 800 square feet or above (74 m$^2$ or above),"1 : Yes, I had my own personal device.",2 : Generally stable but occasionally unreliable,0,1,0,0,2 : Rarely (around 1-33\%),1,2 : 2 = Disagree,5 : 5 = Strongly agree,2 : 2 = Disagree,4 : 4 = Agree,2 : 2 = Disagree,4 : 4 = Agree,2 : 2 = Disagree,5 : 5 = Strongly agree,1 : 1 = Strongly disagree,5 : 5 = Strongly agree,5 : 5 = Very often,3 : 3 = Moderately familiar,3 : 3 = Sometimes,4 : 4 = Often,5 : 5 = Very often,5 : 5 = Extremely available,2 : 2 = Rarely,2 : 2 = Rarely,3 : 3 = Moderately comfortable,4 : 4 = Often,1111,6,4,3,3,3,3,5,1,2,2,1,2,5,2,4,2,4,2,5,1,5,5,3,3,4,5,5,2,2,3,4,4,4,4,4,5,5,4,4,5,5,4.4,3,2,3,0.0183137610712189,4.0,3.5,5.0,2.0,3.5,1.0328015669489068,1.223842314711292,0.4473719159926069,0.2586012439931296,4 : Agree,5 : Strongly agree,1 : Strongly disagree,4 : Agree,1 : Strongly disagree,2 : Disagree,1 : Strongly disagree,5 : Strongly agree,1 : Strongly disagree,4 : Agree,2,5,5,4,5,4,5,5,5,4,4.2,4.6,4.4,4.4,4.4,4.4,1.1255432617150545,0.8274396867404825
duygma03,3 : Secondary education,4 : Post-secondary education (non-degree),"5 : HKD 50,000 or above",3 : International school,3 : Private Housing – Owned,2 : 2 people,4 : 600–799 square feet (56–74 m$^2$),"1 : Yes, I had my own personal device.",1 : Stable and high-speed,0,1,0,0,1 : Never (0\%),1,3 : 3 = Not sure,4 : 4 = Agree,4 : 4 = Agree,5 : 5 = Strongly agree,4 : 4 = Agree,4 : 4 = Agree,3 : 3 = Not sure,4 : 4 = Agree,5 : 5 = Strongly agree,4 : 4 = Agree,4 : 4 = Often,2 : 2 = Slightly familiar,4 : 4 = Often,3 : 3 = Sometimes,2 : 2 = Rarely,3 : 3 = Moderately available,5 : 5 = Very often,4 : 4 = Often,3 : 3 = Moderately comfortable,4 : 4 = Often,1111,3,4,5,3,3,2,4,1,1,1,1,3,4,4,5,4,4,3,4,5,4,4,2,4,3,2,3,5,4,3,4,3,2,2,3,1,4,5,4,4,4,3.2,3,3,4,0.2471006190867402,3.0,3.5,2.5,4.5,3.5,-1.5939272304135763,0.0974874077128202,-0.4143309642183908,1.2383494894452332,2 : Disagree,4 : Agree,4 : Agree,4 : Agree,2 : Disagree,4 : Agree,1 : Strongly disagree,4 : Agree,2 : Disagree,4 : Agree,4,4,2,4,4,2,5,4,4,4,2.2,4.2,3.2,3.8,3.6,3.7,0.3075079109765874,-0.47145644602307646
zj j16,3 : Secondary education,3 : Secondary education,"4 : HKD 32,000–49,999",2 : Direct Subsidy Scheme (DSS) school,1 : Public Rental Housing (PRH),6 : 6 or more people,2 : 200–399 square feet (19–37 m$^2$),"1 : Yes, I had my own personal device.",2 : Generally stable but occasionally unreliable,1,1,0,0,2 : Rarely (around 1-33\%),1,4 : 4 = Agree,4 : 4 = Agree,3 : 3 = Not sure,4 : 4 = Agree,2 : 2 = Disagree,4 : 4 = Agree,4 : 4 = Agree,4 : 4 = Agree,4 : 4 = Agree,4 : 4 = Agree,4 : 4 = Often,2 : 2 = Slightly familiar,4 : 4 = Often,4 : 4 = Often,4 : 4 = Often,3 : 3 = Moderately available,4 : 4 = Often,3 : 3 = Sometimes,3 : 3 = Moderately comfortable,3 : 3 = Sometimes,1111,3,3,4,2,1,6,2,1,2,2,1,4,4,3,4,2,4,4,4,4,4,4,2,4,4,4,3,4,3,3,3,2,3,4,2,2,4,4,4,4,4,3.3,3,2,3,-0.6524410643978031,3.0,4.0,3.5,3.5,3.0,-1.1061623487680183,-0.1132179564515348,-1.1113469849283055,-0.799889785234221,4 : Agree,4 : Agree,2 : Disagree,4 : Agree,2 : Disagree,2 : Disagree,2 : Disagree,4 : Agree,4 : Agree,5 : Strongly agree,2,4,4,4,4,4,4,4,2,5,2.6,4.0,3.3,3.2,4.2,3.7,-0.38707482558352013,0.2642685005156189
anlhl24,3 : Secondary education,3 : Secondary education,"4 : HKD 32,000–49,999",1 : Government or Aided school,3 : Private Housing – Owned,3 : 3 people,4 : 600–799 square feet (56–74 m$^2$),"1 : Yes, I had my own personal device.",2 : Generally stable but occasionally unreliable,1,0,0,0,1 : Never (0\%),1,4 : 4 = Agree,4 : 4 = Agree,4 : 4 = Agree,4 : 4 = Agree,4 : 4 = Agree,3 : 3 = Not sure,4 : 4 = Agree,4 : 4 = Agree,4 : 4 = Agree,4 : 4 = Agree,3 : 3 = Sometimes,3 : 3 = Moderately familiar,4 : 4 = Often,3 : 3 = Sometimes,3 : 3 = Sometimes,3 : 3 = Moderately available,3 : 3 = Sometimes,3 : 3 = Sometimes,3 : 3 = Moderately comfortable,3 : 3 = Sometimes,1111,3,3,4,1,3,3,4,1,2,1,1,4,4,4,4,4,3,4,4,4,4,3,3,4,3,3,3,3,3,3,3,2,2,2,2,2,4,4,3,4,4,2.9,3,2,4,-0.262929246677889,3.0,3.5,3.0,3.0,3.0,-1.4463359062482424,0.0015747314231424,-1.069333523589672,0.3098278842915061,4 : Agree,4 : Agree,4 : Agree,4 : Agree,3 : Not sure,4 : Agree,2 : Disagree,4 : Agree,4 : Agree,4 : Agree,2,4,2,4,3,2,4,4,2,4,2.0,3.8,2.9,2.6,3.6,3.1,-1.0858041794263367,-0.5153315678318104
lsmyj16,4 : Post-secondary education (non-degree),3 : Secondary education,"3 : HKD 14,800–31,999",1 : Government or Aided school,2 : Subsidised Home Ownership Housing,6 : 6 or more people,2 : 200–399 square feet (19–37 m$^2$),"1 : Yes, I had my own personal device.",1 : Stable and high-speed,1,1,0,1,1 : Never (0\%),1,4 : 4 = Agree,4 : 4 = Agree,4 : 4 = Agree,3 : 3 = Not sure,4 : 4 = Agree,4 : 4 = Agree,4 : 4 = Agree,4 : 4 = Agree,4 : 4 = Agree,4 : 4 = Agree,3 : 3 = Sometimes,1 : 1 = Not at all familiar,3 : 3 = Sometimes,4 : 4 = Often,2 : 2 = Rarely,2 : 2 = Slightly available,4 : 4 = Often,4 : 4 = Often,3 : 3 = Moderately comfortable,3 : 3 = Sometimes,1111,4,3,3,1,2,6,2,1,1,1,1,4,4,4,3,4,4,4,4,4,4,3,1,3,4,2,2,4,4,3,3,2,2,2,2,2,4,3,4,4,4,2.9,3,3,4,-0.2365622445073708,2.0,3.5,2.0,4.0,3.0,-1.5647217781996825,-0.112591027163434,-0.8996665940338657,-0.6873558386269895,5 : Strongly agree,4 : Agree,2 : Disagree,4 : Agree,4 : Agree,4 : Agree,2 : Disagree,4 : Agree,1 : Strongly disagree,4 : Agree,1,4,4,4,2,2,4,4,5,4,2.0,3.8,2.9,3.2,3.6,3.4,0.13343716527278693,-0.08918082445466817
lnxge25,5 : Bachelor's degree,5 : Bachelor's degree,"5 : HKD 50,000 or above",3 : International school,3 : Private Housing – Owned,3 : 3 people,5 : 800 square feet or above (74 m$^2$ or above),"1 : Yes, I had my own personal device.",1 : Stable and high-speed,0,1,0,1,1 : Never (0\%),1,2 : 2 = Disagree,4 : 4 = Agree,3 : 3 = Not sure,4 : 4 = Agree,2 : 2 = Disagree,4 : 4 = Agree,2 : 2 = Disagree,4 : 4 = Agree,2 : 2 = Disagree,5 : 5 = Strongly agree,3 : 3 = Sometimes,3 : 3 = Moderately familiar,3 : 3 = Sometimes,3 : 3 = Sometimes,3 : 3 = Sometimes,4 : 4 = Very available,2 : 2 = Rarely,1 : 1 = Never,3 : 3 = Moderately comfortable,3 : 3 = Sometimes,1111,5,5,5,3,3,3,5,1,1,1,1,2,4,3,4,2,4,2,4,2,5,3,3,3,3,3,4,2,1,3,3,4,3,4,4,4,4,4,4,4,5,4.0,3,3,4,0.7046675875820588,3.0,3.0,3.5,1.5,3.0,0.4601377531626112,0.3822560612807795,0.6145813380805453,1.2194141732507728,2 : Disagree,4 : Agree,2 : Disagree,4 : Agree,2 : Disagree,2 : Disagree,1 : Strongly disagree,4 : Agree,3 : Not sure,5 : Strongly agree,4,4,4,4,4,4,5,4,3,5,3.8,4.2,4.0,4.0,4.2,4.1,0.39371891473453313,0.16855365324541383
htmlt27,5 : Bachelor's degree,6 : Postgraduate degree,"5 : HKD 50,000 or above",3 : International school,3 : Private Housing – Owned,3 : 3 people,5 : 800 square feet or above (74 m$^2$ or above),"1 : Yes, I had my own personal device.",1 : Stable and high-speed,0,1,0,0,4 : Often (above 67\%),1,4 : 4 = Agree,4 : 4 = Agree,4 : 4 = Agree,4 : 4 = Agree,3 : 3 = Not sure,4 : 4 = Agree,4 : 4 = Agree,4 : 4 = Agree,3 : 3 = Not sure,4 : 4 = Agree,2 : 2 = Rarely,3 : 3 = Moderately familiar,5 : 5 = Very often,4 : 4 = Often,5 : 5 = Very often,3 : 3 = Moderately available,3 : 3 = Sometimes,2 : 2 = Rarely,3 : 3 = Moderately comfortable,3 : 3 = Sometimes,1111,5,6,5,3,3,3,5,1,1,4,1,4,4,4,4,3,4,4,4,3,4,2,3,5,4,5,3,3,2,3,3,2,2,3,2,3,4,4,4,4,4,3.2,3,3,1,0.3304415622982825,2.5,4.5,4.0,2.5,3.0,-1.0373778948249677,0.129854303063318,1.129672773071548,0.4853081744660367,4 : Agree,4 : Agree,4 : Agree,4 : Agree,4 : Agree,3 : Not sure,4 : Agree,5 : Strongly agree,2 : Disagree,5 : Strongly agree,2,4,2,4,2,3,2,5,4,5,2.4,4.0,3.2,2.4,4.2,3.3,-0.7184280961773223,0.9184365006511083
lhrlb18,6 : Postgraduate degree,5 : Bachelor's degree,"5 : HKD 50,000 or above",3 : International school,3 : Private Housing – Owned,5 : 5 people,5 : 800 square feet or above (74 m$^2$ or above),"1 : Yes, I had my own personal device.",2 : Generally stable but occasionally unreliable,0,1,0,0,1 : Never (0\%),1,1 : 1 = Strongly disagree,4 : 4 = Agree,1 : 1 = Strongly disagree,4 : 4 = Agree,2 : 2 = Disagree,3 : 3 = Not sure,2 : 2 = Disagree,5 : 5 = Strongly agree,2 : 2 = Disagree,5 : 5 = Strongly agree,3 : 3 = Sometimes,2 : 2 = Slightly familiar,4 : 4 = Often,3 : 3 = Sometimes,2 : 2 = Rarely,4 : 4 = Very available,3 : 3 = Sometimes,1 : 1 = Never,3 : 3 = Moderately comfortable,4 : 4 = Often,1111,6,5,5,3,3,5,5,1,2,1,1,1,4,1,4,2,3,2,5,2,5,3,2,4,3,2,4,3,1,3,4,5,5,4,4,4,4,4,3,5,5,4.3,3,2,4,0.5526569850813949,2.5,3.5,3.0,2.0,3.5,1.1629609525877085,0.7456368864163129,0.877002049534082,0.9565986691528956,1 : Strongly disagree,5 : Strongly agree,1 : Strongly disagree,5 : Strongly agree,1 : Strongly disagree,3 : Not sure,1 : Strongly disagree,5 : Strongly agree,2 : Disagree,5 : Strongly agree,5,5,5,5,5,3,5,5,4,5,4.4,4.2,4.3,4.8,4.6,4.7,1.1997294660343463,0.7161956751534937
hwcaj01,3 : Secondary education,5 : Bachelor's degree,"3 : HKD 14,800–31,999",1 : Government or Aided school,1 : Public Rental Housing (PRH),4 : 4 people,2 : 200–399 square feet (19–37 m$^2$),"1 : Yes, I had my own personal device.",1 : Stable and high-speed,1,0,0,0,1 : Never (0\%),1,3 : 3 = Not sure,4 : 4 = Agree,4 : 4 = Agree,4 : 4 = Agree,4 : 4 = Agree,4 : 4 = Agree,3 : 3 = Not sure,5 : 5 = Strongly agree,2 : 2 = Disagree,3 : 3 = Not sure,3 : 3 = Sometimes,3 : 3 = Moderately familiar,2 : 2 = Rarely,3 : 3 = Sometimes,2 : 2 = Rarely,2 : 2 = Slightly available,2 : 2 = Rarely,2 : 2 = Rarely,2 : 2 = Slightly comfortable,3 : 3 = Sometimes,1111,3,5,3,1,1,4,2,1,1,1,1,3,4,4,4,4,4,3,5,2,3,3,3,2,3,2,2,2,2,2,3,3,2,2,3,4,4,4,4,5,3,3.4,3,3,4,-0.1273543593291942,3.0,2.5,2.0,2.0,2.5,-0.5213762325633157,0.4571897666675965,-0.3642840573555322,-0.7665679331391819,3 : Not sure,4 : Agree,4 : Agree,4 : Agree,3 : Not sure,4 : Agree,4 : Agree,4 : Agree,3 : Not sure,5 : Strongly agree,3,4,2,4,3,2,2,4,3,5,2.8,4.0,3.4,2.6,3.8,3.2,-0.7473580138217979,-0.026632043215317924
SSALFWJ05,4 : Post-secondary education (non-degree),3 : Secondary education,"3 : HKD 14,800–31,999",1 : Government or Aided school,4 : Private Housing – Rented,3 : 3 people,2 : 200–399 square feet (19–37 m$^2$),"1 : Yes, I had my own personal device.",2 : Generally stable but occasionally unreliable,1,0,0,0,4 : Often (above 67\%),1,2 : 2 = Disagree,4 : 4 = Agree,3 : 3 = Not sure,1 : 1 = Strongly disagree,4 : 4 = Agree,5 : 5 = Strongly agree,4 : 4 = Agree,4 : 4 = Agree,2 : 2 = Disagree,4 : 4 = Agree,3 : 3 = Sometimes,3 : 3 = Moderately familiar,3 : 3 = Sometimes,3 : 3 = Sometimes,2 : 2 = Rarely,2 : 2 = Slightly available,3 : 3 = Sometimes,2 : 2 = Rarely,2 : 2 = Slightly comfortable,5 : 5 = Very often,1111,4,3,3,1,4,3,2,1,2,4,1,2,4,3,1,4,5,4,4,2,4,3,3,3,3,2,2,3,2,2,5,4,3,2,2,4,4,1,5,4,4,3.3,3,2,1,-0.9909965393792272,3.0,3.0,2.0,2.5,3.5,-0.2691259365925237,-0.1682942851234244,-0.794701906897064,-1.3454131310431872,1 : Strongly disagree,2 : Disagree,2 : Disagree,4 : Agree,2 : Disagree,3 : Not sure,2 : Disagree,5 : Strongly agree,2 : Disagree,4 : Agree,5,2,4,4,4,3,4,5,4,4,3.0,3.6,3.3,4.2,3.6,3.9,0.9048094663148548,0.020100447058107995
tgtyk18,6 : Postgraduate degree,6 : Postgraduate degree,"5 : HKD 50,000 or above",1 : Government or Aided school,3 : Private Housing – Owned,4 : 4 people,5 : 800 square feet or above (74 m$^2$ or above),"1 : Yes, I had my own personal device.",3 : Often unstable or slow,0,1,1,0,1 : Never (0\%),1,3 : 3 = Not sure,4 : 4 = Agree,2 : 2 = Disagree,4 : 4 = Agree,1 : 1 = Strongly disagree,2 : 2 = Disagree,2 : 2 = Disagree,5 : 5 = Strongly agree,1 : 1 = Strongly disagree,5 : 5 = Strongly agree,3 : 3 = Sometimes,2 : 2 = Slightly familiar,2 : 2 = Rarely,4 : 4 = Often,3 : 3 = Sometimes,5 : 5 = Extremely available,2 : 2 = Rarely,1 : 1 = Never,4 : 4 = Very comfortable,5 : 5 = Very often,1111,6,6,5,1,3,4,5,1,3,1,1,3,4,2,4,1,2,2,5,1,5,3,2,2,4,3,5,2,1,4,5,3,4,5,4,5,4,4,2,5,5,4.1,3,1,4,0.3973857503370434,2.5,3.0,4.0,1.5,4.5,1.1612521704474452,0.7209650895937325,1.1888861270667517,0.8938975078852067,2 : Disagree,4 : Agree,1 : Strongly disagree,4 : Agree,1 : Strongly disagree,2 : Disagree,2 : Disagree,3 : Not sure,1 : Strongly disagree,4 : Agree,4,4,5,4,5,4,4,3,5,4,4.2,4.0,4.1,4.6,3.8,4.2,1.4032394742441552,-0.34463924930634937
tkblr11,6 : Postgraduate degree,6 : Postgraduate degree,"5 : HKD 50,000 or above",1 : Government or Aided school,3 : Private Housing – Owned,4 : 4 people,3 : 400–599 square feet (37–56 m$^2$),"1 : Yes, I had my own personal device.",2 : Generally stable but occasionally unreliable,1,0,1,0,1 : Never (0\%),1,3 : 3 = Not sure,4 : 4 = Agree,4 : 4 = Agree,4 : 4 = Agree,2 : 2 = Disagree,4 : 4 = Agree,2 : 2 = Disagree,5 : 5 = Strongly agree,3 : 3 = Not sure,4 : 4 = Agree,2 : 2 = Rarely,2 : 2 = Slightly familiar,4 : 4 = Often,3 : 3 = Sometimes,3 : 3 = Sometimes,3 : 3 = Moderately available,4 : 4 = Often,2 : 2 = Rarely,1 : 1 = Not comfortable at all,3 : 3 = Sometimes,1111,6,6,5,1,3,4,3,1,2,1,1,3,4,4,4,2,4,2,5,3,4,2,2,4,3,3,3,4,2,1,3,3,2,4,4,3,4,4,4,5,4,3.7,3,2,4,0.4378451990185587,2.0,3.5,3.0,3.0,2.0,-0.4463846385207881,0.4258856603724395,1.1536570777401287,0.6753683584965195,2 : Disagree,4 : Agree,2 : Disagree,3 : Not sure,4 : Agree,4 : Agree,4 : Agree,5 : Strongly agree,4 : Agree,5 : Strongly agree,4,4,4,3,2,2,2,5,2,5,3.2,4.2,3.7,2.8,3.8,3.3,-0.8667902280146474,-0.010025097004032368
kndsj23,5 : Bachelor's degree,5 : Bachelor's degree,"5 : HKD 50,000 or above",1 : Government or Aided school,4 : Private Housing – Rented,6 : 6 or more people,4 : 600–799 square feet (56–74 m$^2$),"1 : Yes, I had my own personal device.",2 : Generally stable but occasionally unreliable,0,0,1,1,1 : Never (0\%),1,2 : 2 = Disagree,5 : 5 = Strongly agree,3 : 3 = Not sure,4 : 4 = Agree,2 : 2 = Disagree,4 : 4 = Agree,2 : 2 = Disagree,5 : 5 = Strongly agree,2 : 2 = Disagree,4 : 4 = Agree,4 : 4 = Often,3 : 3 = Moderately familiar,3 : 3 = Sometimes,4 : 4 = Often,4 : 4 = Often,2 : 2 = Slightly available,4 : 4 = Often,2 : 2 = Rarely,5 : 5 = Extremely comfortable,5 : 5 = Very often,1111,5,5,5,1,4,6,4,1,2,1,1,2,5,3,4,2,4,2,5,2,4,4,3,3,4,4,2,4,2,5,5,4,3,4,4,4,5,4,4,5,4,4.1,3,2,4,0.3232876836734927,3.5,3.5,3.0,3.0,5.0,0.3658719489041628,0.7870752705455215,0.3705867475393015,0.2779795096182242,2 : Disagree,4 : Agree,2 : Disagree,4 : Agree,1 : Strongly disagree,3 : Not sure,1 : Strongly disagree,5 : Strongly agree,1 : Strongly disagree,4 : Agree,4,4,4,4,5,3,5,5,5,4,3.8,4.4,4.1,4.6,4.0,4.3,1.2952751377547798,0.3524757752564717
oglui14,5 : Bachelor's degree,3 : Secondary education,"5 : HKD 50,000 or above",1 : Government or Aided school,1 : Public Rental Housing (PRH),4 : 4 people,3 : 400–599 square feet (37–56 m$^2$),"1 : Yes, I had my own personal device.",1 : Stable and high-speed,1,0,0,0,1 : Never (0\%),1,4 : 4 = Agree,4 : 4 = Agree,4 : 4 = Agree,4 : 4 = Agree,2 : 2 = Disagree,2 : 2 = Disagree,2 : 2 = Disagree,4 : 4 = Agree,4 : 4 = Agree,2 : 2 = Disagree,2 : 2 = Rarely,3 : 3 = Moderately familiar,2 : 2 = Rarely,3 : 3 = Sometimes,2 : 2 = Rarely,2 : 2 = Slightly available,4 : 4 = Often,1 : 1 = Never,1 : 1 = Not comfortable at all,4 : 4 = Often,1111,5,3,5,1,1,4,3,1,1,1,1,4,4,4,4,2,2,2,4,4,2,2,3,2,3,2,2,4,1,1,4,2,2,4,4,2,4,4,2,4,2,3.0,3,3,4,0.2524502492536296,2.5,2.5,2.0,2.5,2.5,-0.9734160044008372,-1.023128138948372,-0.5249605697355668,-0.0876469876007225,4 : Agree,5 : Strongly agree,1 : Strongly disagree,3 : Not sure,1 : Strongly disagree,2 : Disagree,4 : Agree,5 : Strongly agree,1 : Strongly disagree,2 : Disagree,2,5,5,3,5,4,2,5,5,2,2.8,3.2,3.0,3.8,3.8,3.8,0.5678358319866939,0.14251960837960276
snlye06,4 : Post-secondary education (non-degree),3 : Secondary education,"1 : Below HKD 10,700",1 : Government or Aided school,1 : Public Rental Housing (PRH),4 : 4 people,1 : Less than 200 square feet (less than 19 m$^2$),"1 : Yes, I had my own personal device.",2 : Generally stable but occasionally unreliable,1,0,0,1,3 : Sometimes (around 34-66\%),1,3 : 3 = Not sure,4 : 4 = Agree,4 : 4 = Agree,4 : 4 = Agree,2 : 2 = Disagree,3 : 3 = Not sure,4 : 4 = Agree,4 : 4 = Agree,2 : 2 = Disagree,4 : 4 = Agree,4 : 4 = Often,3 : 3 = Moderately familiar,3 : 3 = Sometimes,3 : 3 = Sometimes,3 : 3 = Sometimes,3 : 3 = Moderately available,3 : 3 = Sometimes,2 : 2 = Rarely,3 : 3 = Moderately comfortable,3 : 3 = Sometimes,1111,4,3,1,1,1,4,1,1,2,3,1,3,4,4,4,2,3,4,4,2,4,4,3,3,3,3,3,3,2,3,3,3,2,4,2,4,4,4,3,4,4,3.4,3,2,2,-1.202048369239462,3.5,3.0,3.0,2.5,3.0,-0.1840199145102142,0.1019082600373387,-0.9555612334279362,-2.174197294317974,4 : Agree,4 : Agree,4 : Agree,3 : Not sure,4 : Agree,3 : Not sure,5 : Strongly agree,5 : Strongly agree,4 : Agree,4 : Agree,2,4,2,3,2,3,1,5,2,4,3.0,3.8,3.4,1.8,3.8,2.8,-1.719945474851417,0.1850103496543517
thles14,6 : Postgraduate degree,4 : Post-secondary education (non-degree),"5 : HKD 50,000 or above",1 : Government or Aided school,3 : Private Housing – Owned,5 : 5 people,4 : 600–799 square feet (56–74 m$^2$),"1 : Yes, I had my own personal device.",2 : Generally stable but occasionally unreliable,1,0,1,0,3 : Sometimes (around 34-66\%),1,2 : 2 = Disagree,4 : 4 = Agree,1 : 1 = Strongly disagree,5 : 5 = Strongly agree,3 : 3 = Not sure,4 : 4 = Agree,4 : 4 = Agree,5 : 5 = Strongly agree,1 : 1 = Strongly disagree,5 : 5 = Strongly agree,4 : 4 = Often,3 : 3 = Moderately familiar,3 : 3 = Sometimes,5 : 5 = Very often,2 : 2 = Rarely,5 : 5 = Extremely available,3 : 3 = Sometimes,2 : 2 = Rarely,5 : 5 = Extremely comfortable,5 : 5 = Very often,1111,6,4,5,1,3,5,4,1,2,3,1,2,4,1,5,3,4,4,5,1,5,4,3,3,5,2,5,3,2,5,5,4,5,3,2,5,4,5,4,5,5,4.2,3,2,2,0.0020852874467533,3.5,4.0,3.5,2.5,5.0,0.8388608505212659,1.3471734076700748,0.3442735240304824,0.0221175589817781,2 : Disagree,2 : Disagree,2 : Disagree,4 : Agree,1 : Strongly disagree,1 : Strongly disagree,1 : Strongly disagree,5 : Strongly agree,3 : Not sure,4 : Agree,4,2,4,4,5,5,5,5,3,4,3.8,4.6,4.2,4.2,4.0,4.1,0.7438530793675632,0.417147247844001
rnliyg07,6 : Postgraduate degree,6 : Postgraduate degree,"3 : HKD 14,800–31,999",4 : Others,4 : Private Housing – Rented,4 : 4 people,5 : 800 square feet or above (74 m$^2$ or above),"1 : Yes, I had my own personal device.",1 : Stable and high-speed,0,1,0,0,1 : Never (0\%),1,2 : 2 = Disagree,4 : 4 = Agree,4 : 4 = Agree,4 : 4 = Agree,2 : 2 = Disagree,4 : 4 = Agree,2 : 2 = Disagree,5 : 5 = Strongly agree,2 : 2 = Disagree,4 : 4 = Agree,4 : 4 = Often,3 : 3 = Moderately familiar,4 : 4 = Often,3 : 3 = Sometimes,3 : 3 = Sometimes,4 : 4 = Very available,3 : 3 = Sometimes,3 : 3 = Sometimes,3 : 3 = Moderately comfortable,3 : 3 = Sometimes,1111,6,6,3,4,4,4,5,1,1,1,1,2,4,4,4,2,4,2,5,2,4,4,3,4,3,3,4,3,3,3,3,4,2,4,4,4,4,4,4,5,4,3.9,3,3,4,0.6732220623163769,3.5,3.5,3.5,3.0,3.0,0.1661337115640826,0.5654756294513787,1.223887120928119,0.22090963428406,2 : Disagree,3 : Not sure,2 : Disagree,4 : Agree,2 : Disagree,2 : Disagree,2 : Disagree,4 : Agree,4 : Agree,4 : Agree,4,3,4,4,4,4,4,4,2,4,3.6,4.2,3.9,3.6,3.8,3.7,-0.09687591663481065,-0.3183066630596099
axm22,3 : Secondary education,3 : Secondary education,"5 : HKD 50,000 or above",2 : Direct Subsidy Scheme (DSS) school,3 : Private Housing – Owned,2 : 2 people,4 : 600–799 square feet (56–74 m$^2$),"1 : Yes, I had my own personal device.",1 : Stable and high-speed,1,1,0,0,1 : Never (0\%),1,1 : 1 = Strongly disagree,5 : 5 = Strongly agree,2 : 2 = Disagree,5 : 5 = Strongly agree,2 : 2 = Disagree,2 : 2 = Disagree,1 : 1 = Strongly disagree,4 : 4 = Agree,1 : 1 = Strongly disagree,5 : 5 = Strongly agree,3 : 3 = Sometimes,3 : 3 = Moderately familiar,5 : 5 = Very often,5 : 5 = Very often,5 : 5 = Very often,2 : 2 = Slightly available,2 : 2 = Rarely,1 : 1 = Never,5 : 5 = Extremely comfortable,5 : 5 = Very often,1111,3,3,5,2,3,2,4,1,1,1,1,1,5,2,5,2,2,1,4,1,5,3,3,5,5,5,2,2,1,5,5,5,4,4,5,5,5,5,2,4,5,4.4,3,3,4,0.1346321016648758,3.0,5.0,3.5,1.5,5.0,1.6339854582838569,0.7194452694150066,-0.917615358891636,1.047910531628337,2 : Disagree,4 : Agree,1 : Strongly disagree,4 : Agree,1 : Strongly disagree,1 : Strongly disagree,1 : Strongly disagree,5 : Strongly agree,1 : Strongly disagree,5 : Strongly agree,4,4,5,4,5,5,5,5,5,5,4.6,4.2,4.4,4.8,4.6,4.7,1.5789010786056994,1.1497298757548653
bytac30,2 : Primary education,3 : Secondary education,"4 : HKD 32,000–49,999",1 : Government or Aided school,4 : Private Housing – Rented,3 : 3 people,4 : 600–799 square feet (56–74 m$^2$),"3 : No, I had limited or no access.",3 : Often unstable or slow,0,1,0,0,1 : Never (0\%),1,3 : 3 = Not sure,4 : 4 = Agree,3 : 3 = Not sure,2 : 2 = Disagree,3 : 3 = Not sure,4 : 4 = Agree,2 : 2 = Disagree,5 : 5 = Strongly agree,2 : 2 = Disagree,4 : 4 = Agree,2 : 2 = Rarely,2 : 2 = Slightly familiar,4 : 4 = Often,4 : 4 = Often,3 : 3 = Sometimes,2 : 2 = Slightly available,4 : 4 = Often,4 : 4 = Often,3 : 3 = Moderately comfortable,4 : 4 = Often,1111,2,3,4,1,4,3,4,3,3,1,1,3,4,3,2,3,4,2,5,2,4,2,2,4,4,3,2,4,4,3,4,3,3,3,4,4,4,2,4,5,4,3.6,1,1,4,-1.3667052493607523,2.0,4.0,2.5,4.0,3.5,0.0002898421999757,0.2275230448247082,-1.4129195648307789,0.0184979535352451,4 : Agree,4 : Agree,4 : Agree,4 : Agree,3 : Not sure,3 : Not sure,2 : Disagree,5 : Strongly agree,3 : Not sure,4 : Agree,2,4,2,4,3,3,4,5,3,4,3.4,3.8,3.6,2.8,4.0,3.4,-0.7082621039003777,0.3510986107234489
brpms17,5 : Bachelor's degree,3 : Secondary education,"1 : Below HKD 10,700",1 : Government or Aided school,4 : Private Housing – Rented,5 : 5 people,5 : 800 square feet or above (74 m$^2$ or above),"1 : Yes, I had my own personal device.",1 : Stable and high-speed,1,0,1,0,3 : Sometimes (around 34-66\%),1,2 : 2 = Disagree,4 : 4 = Agree,2 : 2 = Disagree,4 : 4 = Agree,4 : 4 = Agree,2 : 2 = Disagree,4 : 4 = Agree,4 : 4 = Agree,2 : 2 = Disagree,4 : 4 = Agree,2 : 2 = Rarely,2 : 2 = Slightly familiar,3 : 3 = Sometimes,3 : 3 = Sometimes,2 : 2 = Rarely,2 : 2 = Slightly available,2 : 2 = Rarely,1 : 1 = Never,4 : 4 = Very comfortable,2 : 2 = Rarely,1111,5,3,1,1,4,5,5,1,1,3,1,2,4,2,4,4,2,4,4,2,4,2,2,3,3,2,2,2,1,4,2,4,4,2,2,4,4,4,2,4,4,3.4,3,3,2,-0.3640188604382932,2.0,3.0,2.0,1.5,3.0,0.2811534175221322,0.1493590655115581,-0.5591316181968948,-1.555073639478682,4 : Agree,3 : Not sure,4 : Agree,3 : Not sure,2 : Disagree,4 : Agree,2 : Disagree,4 : Agree,2 : Disagree,4 : Agree,2,3,2,3,4,2,4,4,4,4,3.2,3.6,3.4,3.2,3.2,3.2,0.025283268220323993,-0.5209227888742289
Femsh28,5 : Bachelor's degree,5 : Bachelor's degree,"5 : HKD 50,000 or above",3 : International school,3 : Private Housing – Owned,6 : 6 or more people,5 : 800 square feet or above (74 m$^2$ or above),"1 : Yes, I had my own personal device.",2 : Generally stable but occasionally unreliable,0,0,1,1,2 : Rarely (around 1-33\%),1,4 : 4 = Agree,2 : 2 = Disagree,1 : 1 = Strongly disagree,5 : 5 = Strongly agree,4 : 4 = Agree,4 : 4 = Agree,2 : 2 = Disagree,5 : 5 = Strongly agree,1 : 1 = Strongly disagree,5 : 5 = Strongly agree,1 : 1 = Never,1 : 1 = Not at all familiar,3 : 3 = Sometimes,3 : 3 = Sometimes,1 : 1 = Never,5 : 5 = Extremely available,3 : 3 = Sometimes,1 : 1 = Never,3 : 3 = Moderately comfortable,3 : 3 = Sometimes,1111,5,5,5,3,3,6,5,1,2,2,1,4,2,1,5,4,4,2,5,1,5,1,1,3,3,1,5,3,1,3,3,2,5,2,4,5,2,5,4,5,5,3.9,3,2,3,0.2746963211806295,1.0,3.0,3.0,2.0,3.0,0.5230262170785284,0.8128179339587546,0.5830258072869688,0.5872844602667422,4 : Agree,4 : Agree,2 : Disagree,5 : Strongly agree,1 : Strongly disagree,2 : Disagree,1 : Strongly disagree,5 : Strongly agree,1 : Strongly disagree,5 : Strongly agree,2,4,4,5,5,4,5,5,5,5,3.6,4.2,3.9,4.2,4.6,4.4,1.1280785998372531,1.2956602636371666
jueace07,5 : Bachelor's degree,2 : Primary education,"4 : HKD 32,000–49,999",3 : International school,3 : Private Housing – Owned,2 : 2 people,2 : 200–399 square feet (19–37 m$^2$),"1 : Yes, I had my own personal device.",1 : Stable and high-speed,0,1,0,0,1 : Never (0\%),1,3 : 3 = Not sure,2 : 2 = Disagree,2 : 2 = Disagree,4 : 4 = Agree,2 : 2 = Disagree,4 : 4 = Agree,2 : 2 = Disagree,4 : 4 = Agree,3 : 3 = Not sure,4 : 4 = Agree,3 : 3 = Sometimes,2 : 2 = Slightly familiar,4 : 4 = Often,3 : 3 = Sometimes,1 : 1 = Never,3 : 3 = Moderately available,4 : 4 = Often,3 : 3 = Sometimes,3 : 3 = Moderately comfortable,3 : 3 = Sometimes,1111,5,2,4,3,3,2,2,1,1,1,1,3,2,2,4,2,4,2,4,3,4,3,2,4,3,1,3,4,3,3,3,3,4,4,4,3,2,4,4,4,4,3.6,3,3,4,-0.103480016087134,2.5,3.5,2.0,3.5,3.0,-0.0457630612525053,-0.604275858546047,-0.7683035548987104,0.3932209108351587,2 : Disagree,4 : Agree,2 : Disagree,4 : Agree,4 : Agree,2 : Disagree,2 : Disagree,4 : Agree,2 : Disagree,4 : Agree,4,4,4,4,2,4,4,4,4,4,3.6,3.6,3.6,3.6,4.0,3.8,0.1360249375287323,0.013821457023106287
bgwgj22,6 : Postgraduate degree,6 : Postgraduate degree,"5 : HKD 50,000 or above",3 : International school,3 : Private Housing – Owned,3 : 3 people,5 : 800 square feet or above (74 m$^2$ or above),"1 : Yes, I had my own personal device.",1 : Stable and high-speed,0,1,0,0,1 : Never (0\%),1,3 : 3 = Not sure,4 : 4 = Agree,2 : 2 = Disagree,5 : 5 = Strongly agree,4 : 4 = Agree,2 : 2 = Disagree,4 : 4 = Agree,5 : 5 = Strongly agree,1 : 1 = Strongly disagree,3 : 3 = Not sure,3 : 3 = Sometimes,2 : 2 = Slightly familiar,4 : 4 = Often,2 : 2 = Rarely,3 : 3 = Sometimes,4 : 4 = Very available,2 : 2 = Rarely,2 : 2 = Rarely,3 : 3 = Moderately comfortable,2 : 2 = Rarely,1111,6,6,5,3,3,3,5,1,1,1,1,3,4,2,5,4,2,4,5,1,3,3,2,4,2,3,4,2,2,3,2,3,4,2,2,5,4,5,2,5,3,3.5,3,3,4,0.9328652546694752,2.5,3.0,3.5,2.0,2.5,0.361002839677172,0.6288184040953291,1.3575868960415294,1.3176082615617315,4 : Agree,3 : Not sure,2 : Disagree,5 : Strongly agree,1 : Strongly disagree,2 : Disagree,2 : Disagree,5 : Strongly agree,3 : Not sure,5 : Strongly agree,2,3,4,5,5,4,4,5,3,5,3.2,3.8,3.5,3.6,4.4,4.0,0.32421829754569487,1.0056107644123475
mykav12,6 : Postgraduate degree,6 : Postgraduate degree,"5 : HKD 50,000 or above",2 : Direct Subsidy Scheme (DSS) school,3 : Private Housing – Owned,6 : 6 or more people,5 : 800 square feet or above (74 m$^2$ or above),"1 : Yes, I had my own personal device.",1 : Stable and high-speed,1,0,0,0,1 : Never (0\%),1,3 : 3 = Not sure,4 : 4 = Agree,4 : 4 = Agree,4 : 4 = Agree,3 : 3 = Not sure,4 : 4 = Agree,2 : 2 = Disagree,4 : 4 = Agree,2 : 2 = Disagree,4 : 4 = Agree,5 : 5 = Very often,1 : 1 = Not at all familiar,4 : 4 = Often,4 : 4 = Often,5 : 5 = Very often,3 : 3 = Moderately available,3 : 3 = Sometimes,2 : 2 = Rarely,3 : 3 = Moderately comfortable,3 : 3 = Sometimes,1111,6,6,5,2,3,6,5,1,1,1,1,3,4,4,4,3,4,2,4,2,4,5,1,4,4,5,3,3,2,3,3,3,2,3,4,4,4,4,4,4,4,3.6,3,3,4,0.9328652546694752,3.0,4.0,4.0,2.5,3.0,-0.1628673474103049,0.1565274585313323,1.2292001998958615,0.8325914479876102,2 : Disagree,4 : Agree,4 : Agree,4 : Agree,2 : Disagree,2 : Disagree,1 : Strongly disagree,5 : Strongly agree,3 : Not sure,2 : Disagree,4,4,2,4,4,4,5,5,3,2,3.2,4.0,3.6,3.6,3.8,3.7,-0.25394927398652467,-0.2818046398299619
Kz,5 : Bachelor's degree,5 : Bachelor's degree,"1 : Below HKD 10,700",1 : Government or Aided school,3 : Private Housing – Owned,3 : 3 people,3 : 400–599 square feet (37–56 m$^2$),"1 : Yes, I had my own personal device.",1 : Stable and high-speed,0,0,0,1,1 : Never (0\%),1,1 : 1 : Strongly disagree,2 : 2 : Disagree,1 : 1 : Strongly disagree,4 : 4 : Agree,2 : 2 : Disagree,4 : 4 : Agree,1 : 1 : Strongly disagree,4 : 4 : Agree,2 : 2 : Disagree,5 : 5 : Strongly agree,3 : 3 : Sometimes,3 : 3 : Moderately familiar,5 : 5 : Very often,3 : 3 : Sometimes,4 : 4 : Often,4 : 4 : Very available,3 : 3 : Sometimes,2 : 2 : Rarely,4 : 4 : Very comfortable,4 : 4 : Often,1204,5,5,1,1,3,3,3,1,1,1,1,1,2,1,4,2,4,1,4,2,5,3,3,5,3,4,4,3,2,4,4,5,5,4,5,4,2,4,4,4,5,4.2,3,3,4,-0.0418991006088381,3.0,4.0,4.0,2.5,4.0,1.1921260049202542,-0.2095874352381735,0.287968104464153,-0.6171966893558498,2 : Disagree,5 : Strongly agree,2 : Disagree,5 : Strongly agree,1 : Strongly disagree,1 : Strongly disagree,1 : Strongly disagree,5 : Strongly agree,5 : Strongly agree,5 : Strongly agree,4,5,4,5,5,5,5,5,1,5,4.6,3.8,4.2,3.8,5.0,4.4,-0.2923997832763598,0.9225547626855005
nrjha16,3 : Secondary education,3 : Secondary education,"2 : HKD 10,700–14,799",1 : Government or Aided school,3 : Private Housing – Owned,4 : 4 people,2 : 200–399 square feet (19–37 m$^2$),"1 : Yes, I had my own personal device.",2 : Generally stable but occasionally unreliable,1,0,1,0,3 : Sometimes (around 34-66\%),1,3 : 3 : Not sure,3 : 3 : Not sure,3 : 3 : Not sure,3 : 3 : Not sure,3 : 3 : Not sure,3 : 3 : Not sure,3 : 3 : Not sure,3 : 3 : Not sure,3 : 3 : Not sure,3 : 3 : Not sure,3 : 3 : Sometimes,4 : 4 : Very familiar,2 : 2 : Rarely,2 : 2 : Rarely,2 : 2 : Rarely,3 : 3 : Moderately available,2 : 2 : Rarely,2 : 2 : Rarely,3 : 3 : Moderately comfortable,2 : 2 : Rarely,1204,3,3,2,1,3,4,2,1,2,3,1,3,3,3,3,3,3,3,3,3,3,3,4,2,2,2,3,2,2,3,2,3,3,3,3,3,3,3,3,3,3,3.0,3,2,2,-1.0743157709861149,3.5,2.0,2.5,2.0,2.5,-0.44952256556344,-1.2850803977550864,-1.1438784729549378,-1.2420340598132866,3 : Not sure,3 : Not sure,3 : Not sure,3 : Not sure,3 : Not sure,4 : Agree,2 : Disagree,5 : Strongly agree,2 : Disagree,4 : Agree,3,3,3,3,3,2,4,5,4,4,3.0,3.0,3.0,3.4,3.4,3.4,0.10944271599192883,-0.15119832902649488
hkjov08,5 : Bachelor's degree,5 : Bachelor's degree,"3 : HKD 14,800–31,999",1 : Government or Aided school,2 : Subsidised Home Ownership Housing,4 : 4 people,4 : 600–799 square feet (56–74 m$^2$),"1 : Yes, I had my own personal device.",2 : Generally stable but occasionally unreliable,1,0,0,1,3 : Sometimes (around 34-66\%),1,2 : 2 : Disagree,5 : 5 : Strongly agree,2 : 2 : Disagree,5 : 5 : Strongly agree,1 : 1 : Strongly disagree,3 : 3 : Not sure,2 : 2 : Disagree,4 : 4 : Agree,1 : 1 : Strongly disagree,5 : 5 : Strongly agree,2 : 2 : Rarely,3 : 3 : Moderately familiar,4 : 4 : Often,3 : 3 : Sometimes,3 : 3 : Sometimes,2 : 2 : Slightly available,2 : 2 : Rarely,3 : 3 : Sometimes,1 : 1 : Not comfortable at all,5 : 5 : Very often,1204,5,5,3,1,2,4,4,1,2,3,1,2,5,2,5,1,3,2,4,1,5,2,3,4,3,3,2,2,3,1,5,4,4,5,4,5,5,5,3,4,5,4.4,3,2,2,-0.2608185371500325,2.5,3.5,2.5,2.5,3.0,1.2994290209573651,0.7645932787817056,0.3782429132694895,-0.7639810859129653,1 : Strongly disagree,4 : Agree,5 : Strongly agree,5 : Strongly agree,1 : Strongly disagree,1 : Strongly disagree,2 : Disagree,4 : Agree,1 : Strongly disagree,5 : Strongly agree,5,4,1,5,5,5,4,4,5,5,4.4,4.4,4.4,4.0,4.6,4.3,0.8218363338279551,0.9280227009496976
srllj21,5 : Bachelor's degree,3 : Secondary education,"2 : HKD 10,700–14,799",2 : Direct Subsidy Scheme (DSS) school,2 : Subsidised Home Ownership Housing,4 : 4 people,2 : 200–399 square feet (19–37 m$^2$),"1 : Yes, I had my own personal device.",2 : Generally stable but occasionally unreliable,1,1,0,0,2 : Rarely (around 1-33\%),1,2 : 2 : Disagree,4 : 4 : Agree,2 : 2 : Disagree,3 : 3 : Not sure,4 : 4 : Agree,2 : 2 : Disagree,3 : 3 : Not sure,4 : 4 : Agree,2 : 2 : Disagree,4 : 4 : Agree,3 : 3 : Sometimes,3 : 3 : Moderately familiar,5 : 5 : Very often,4 : 4 : Often,3 : 3 : Sometimes,2 : 2 : Slightly available,1 : 1 : Never,1 : 1 : Never,3 : 3 : Moderately comfortable,3 : 3 : Sometimes,1204,5,3,2,2,2,4,2,1,2,2,1,2,4,2,3,4,2,3,4,2,4,3,3,5,4,3,2,1,1,3,3,4,4,2,3,4,4,3,2,4,4,3.4,3,2,3,-0.6806259574197974,3.0,4.5,2.5,1.0,3.0,0.4059727913155477,-0.1029728537004495,-0.516774120011775,-1.058977876712569,4 : Agree,3 : Not sure,1 : Strongly disagree,4 : Agree,4 : Agree,2 : Disagree,2 : Disagree,5 : Strongly agree,2 : Disagree,4 : Agree,2,3,5,4,2,4,4,5,4,4,3.4,3.4,3.4,3.4,4.0,3.7,0.16648375766208656,0.566512830879503
kntng08,5 : Bachelor's degree,5 : Bachelor's degree,"4 : HKD 32,000–49,999",1 : Government or Aided school,3 : Private Housing – Owned,6 : 6 or more people,4 : 600–799 square feet (56–74 m$^2$),"1 : Yes, I had my own personal device.",2 : Generally stable but occasionally unreliable,1,0,1,0,2 : Rarely (around 1-33\%),1,4 : 4 : Agree,5 : 5 : Strongly agree,2 : 2 : Disagree,4 : 4 : Agree,4 : 4 : Agree,4 : 4 : Agree,4 : 4 : Agree,4 : 4 : Agree,3 : 3 : Not sure,5 : 5 : Strongly agree,3 : 3 : Sometimes,3 : 3 : Moderately familiar,2 : 2 : Rarely,2 : 2 : Rarely,3 : 3 : Sometimes,5 : 5 : Extremely available,2 : 2 : Rarely,3 : 3 : Sometimes,4 : 4 : Very comfortable,4 : 4 : Often,1204,5,5,4,1,3,6,4,1,2,2,1,4,5,2,4,4,4,4,4,3,5,3,3,2,2,3,5,2,3,4,4,2,4,2,2,3,5,4,4,4,5,3.5,3,2,3,0.03123457326173,3.0,2.0,4.0,2.5,4.0,-0.6918771979433774,0.7416491705030244,0.3968650779809272,-0.0530706022743777,5 : Strongly agree,4 : Agree,2 : Disagree,5 : Strongly agree,1 : Strongly disagree,5 : Strongly agree,4 : Agree,5 : Strongly agree,3 : Not sure,4 : Agree,1,4,4,5,5,1,2,5,3,4,2.6,4.4,3.5,3.0,3.8,3.4,-0.2717342316843055,0.21752199828616048
Alan,3 : Secondary education,3 : Secondary education,"4 : HKD 32,000–49,999",2 : Direct Subsidy Scheme (DSS) school,3 : Private Housing – Owned,4 : 4 people,2 : 200–399 square feet (19–37 m$^2$),"1 : Yes, I had my own personal device.",2 : Generally stable but occasionally unreliable,1,0,1,0,3 : Sometimes (around 34-66\%),1,1 : 1 : Strongly disagree,5 : 5 : Strongly agree,3 : 3 : Not sure,5 : 5 : Strongly agree,2 : 2 : Disagree,4 : 4 : Agree,2 : 2 : Disagree,4 : 4 : Agree,1 : 1 : Strongly disagree,5 : 5 : Strongly agree,3 : 3 : Sometimes,1 : 1 : Not at all familiar,3 : 3 : Sometimes,5 : 5 : Very often,5 : 5 : Very often,3 : 3 : Moderately available,2 : 2 : Rarely,1 : 1 : Never,3 : 3 : Moderately comfortable,3 : 3 : Sometimes,1204,3,3,4,2,3,4,2,1,2,3,1,1,5,3,5,2,4,2,4,1,5,3,1,3,5,5,3,2,1,3,3,5,3,4,4,5,5,5,4,4,5,4.4,3,2,2,-0.8146725786330167,2.0,4.0,4.0,1.5,3.0,1.0834493271987051,0.9641631089851536,-1.0040578890311571,-0.4694147281024336,3 : Not sure,3 : Not sure,3 : Not sure,3 : Not sure,4 : Agree,5 : Strongly agree,4 : Agree,5 : Strongly agree,4 : Agree,5 : Strongly agree,3,3,3,3,2,1,2,5,2,5,4.2,4.6,4.4,2.4,3.4,2.9,-1.0829498014246919,-0.22750423363319439
bdied13,6 : Postgraduate degree,6 : Postgraduate degree,"3 : HKD 14,800–31,999",2 : Direct Subsidy Scheme (DSS) school,4 : Private Housing – Rented,6 : 6 or more people,4 : 600–799 square feet (56–74 m$^2$),"1 : Yes, I had my own personal device.",2 : Generally stable but occasionally unreliable,1,0,1,0,2 : Rarely (around 1-33\%),1,1 : 1 : Strongly disagree,5 : 5 : Strongly agree,1 : 1 : Strongly disagree,5 : 5 : Strongly agree,2 : 2 : Disagree,3 : 3 : Not sure,2 : 2 : Disagree,5 : 5 : Strongly agree,1 : 1 : Strongly disagree,5 : 5 : Strongly agree,4 : 4 : Often,4 : 4 : Very familiar,3 : 3 : Sometimes,4 : 4 : Often,3 : 3 : Sometimes,3 : 3 : Moderately available,2 : 2 : Rarely,1 : 1 : Never,4 : 4 : Very comfortable,4 : 4 : Often,1204,6,6,3,2,4,6,4,1,2,2,1,1,5,1,5,2,3,2,5,1,5,4,4,3,4,3,3,2,1,4,4,5,5,4,4,5,5,5,3,5,5,4.6,3,2,3,0.1296106441725973,4.0,3.5,3.0,1.5,4.0,1.5662908518922432,1.320354041146904,1.140274500863225,-0.4227570685986031,2 : Disagree,4 : Agree,2 : Disagree,5 : Strongly agree,1 : Strongly disagree,2 : Disagree,1 : Strongly disagree,4 : Agree,1 : Strongly disagree,5 : Strongly agree,4,4,4,5,5,4,5,4,5,5,4.6,4.6,4.6,4.6,4.4,4.5,1.404950665044195,0.6364172108360544
adlij15,5 : Bachelor's degree,5 : Bachelor's degree,"3 : HKD 14,800–31,999",1 : Government or Aided school,3 : Private Housing – Owned,4 : 4 people,5 : 800 square feet or above (74 m$^2$ or above),"2 : Yes, but I shared it with family members.",1 : Stable and high-speed,0,1,0,0,1 : Never (0\%),1,1 : 1 : Strongly disagree,3 : 3 : Not sure,1 : 1 : Strongly disagree,4 : 4 : Agree,2 : 2 : Disagree,2 : 2 : Disagree,2 : 2 : Disagree,5 : 5 : Strongly agree,2 : 2 : Disagree,4 : 4 : Agree,3 : 3 : Sometimes,4 : 4 : Very familiar,3 : 3 : Sometimes,5 : 5 : Very often,5 : 5 : Very often,4 : 4 : Very available,4 : 4 : Often,3 : 3 : Sometimes,3 : 3 : Moderately comfortable,4 : 4 : Often,1204,5,5,3,1,3,4,5,2,1,1,1,1,3,1,4,2,2,2,5,2,4,3,4,3,5,5,4,4,3,3,4,5,5,4,4,4,3,4,2,5,4,4.0,2,3,4,0.0848708448034127,3.5,4.0,4.5,3.5,3.5,1.1912823961568284,0.0882746731920933,0.3757315991166161,0.1438856524563707,2 : Disagree,4 : Agree,2 : Disagree,4 : Agree,2 : Disagree,2 : Disagree,1 : Strongly disagree,4 : Agree,2 : Disagree,5 : Strongly agree,4,4,4,4,4,4,5,4,4,5,4.4,3.6,4.0,4.2,4.2,4.2,0.786255590087844,0.3009537293505702
lnsgk12,6 : Postgraduate degree,6 : Postgraduate degree,"5 : HKD 50,000 or above",3 : International school,3 : Private Housing – Owned,6 : 6 or more people,5 : 800 square feet or above (74 m$^2$ or above),"1 : Yes, I had my own personal device.",2 : Generally stable but occasionally unreliable,0,1,0,0,1 : Never (0\%),1,4 : 4 : Agree,2 : 2 : Disagree,3 : 3 : Not sure,4 : 4 : Agree,2 : 2 : Disagree,2 : 2 : Disagree,4 : 4 : Agree,5 : 5 : Strongly agree,1 : 1 : Strongly disagree,4 : 4 : Agree,2 : 2 : Rarely,2 : 2 : Slightly familiar,4 : 4 : Often,4 : 4 : Often,2 : 2 : Rarely,3 : 3 : Moderately available,3 : 3 : Sometimes,2 : 2 : Rarely,2 : 2 : Slightly comfortable,3 : 3 : Sometimes,1204,6,6,5,3,3,6,5,1,2,1,1,4,2,3,4,2,2,4,5,1,4,2,2,4,4,2,3,3,2,2,3,2,3,4,2,5,2,4,2,5,4,3.3,3,2,4,0.6651255025032593,2.0,4.0,2.5,2.5,2.5,0.2670218743852509,0.1152661680174305,1.2988718138304909,0.9533930125805864,3 : Not sure,4 : Agree,2 : Disagree,2 : Disagree,2 : Disagree,2 : Disagree,1 : Strongly disagree,5 : Strongly agree,2 : Disagree,4 : Agree,3,4,4,2,4,4,5,5,4,4,3.2,3.4,3.3,4.0,3.8,3.9,0.5463893538567683,0.15341060586828165
